session_id,participant_id,status,started_datetime,completed_date_time,time_taken,age,num_approvals,num_rejections,prolific_score,reviewed_at_datetime,entered_code,Country of Birth,Current Country of Residence,Employment Status,First Language,Nationality,Sex,Student Status
61fd944f7ec0dbd8d6dd025f,5d20e6639825ad00188bd75e,APPROVED,2022-02-04 21:02:10.780000,2022-02-04 21:19:59.426000,1068.646,29,484,4,99,2022-02-04 21:20:08.713000,1AE5690E,United Kingdom,United Kingdom,Full-Time,English,United Kingdom,Female,No
61fd94981cd7dd00f373e463,60ef3fdfa3383b05abaa6b3b,APPROVED,2022-02-04 21:03:29.676000,2022-02-04 21:10:49.925000,440.249,23,8,0,100,2022-02-04 21:19:18.815000,1AE5690E,Canada,Canada,Part-Time,English,Canada,Female,Yes
61fd9527729bb7102ceba078,614fc66c9094c0a205c09a69,APPROVED,2022-02-04 21:05:49.551000,2022-02-04 21:14:29.439000,519.888,52,76,2,98,2022-02-04 21:19:17.943000,1AE5690E,New Zealand,Australia,Full-Time,English,New Zealand,Male,Yes
61fd953705444a5beb0b8ebb,60febea925b92f521ade1471,APPROVED,2022-02-04 21:06:02.698000,2022-02-04 21:11:29.063000,326.365,29,49,1,100,2022-02-04 21:19:16.438000,1AE5690E,Canada,Canada,Due to start a new job within the next month,English,Canada,Female,Yes
61fd958856895529b1b29b15,5f1c0ace3edc81460ebef568,APPROVED,2022-02-04 21:07:29.398000,2022-02-07 20:08:05.667000,255636.269,28,144,3,97,2022-02-07 20:08:06.427000,Manual Completion,United Kingdom,United Kingdom,Part-Time,English,United Kingdom,Female,No
61fd95c1695cbb0ea5effc09,5f58fa7cf91f790c6d27b6eb,APPROVED,2022-02-04 21:08:26.835000,2022-02-04 21:16:09.387000,462.552,31,71,2,99,2022-02-04 21:19:14.372000,1AE5690E,United Kingdom,United Kingdom,DATA EXPIRED,English,United Kingdom,Female,DATA EXPIRED
61fd95cfa6bdb788a4917b73,5ff6d0126ccb5529661a1953,APPROVED,2022-02-04 21:08:31.012000,2022-02-04 21:18:56.376000,625.364,62,61,0,100,2022-02-04 21:35:16.086000,1AE5690E,Greece,Greece,"Not in paid work (e.g. homemaker', 'retired or disabled)",English,Greece,Female,No
61fd964b778e0623e3b5e06f,5cea71a42711fa0018c298c4,APPROVED,2022-02-04 21:10:36.771000,2022-02-07 20:08:04.216000,255447.445,24,522,4,99,2022-02-07 20:08:04.582000,Manual Completion,United Kingdom,United Kingdom,"Not in paid work (e.g. homemaker', 'retired or disabled)",English,United Kingdom,Female,No
61fd966088cfef2fb8a3c3bd,6151bab7f4157958cdbd8995,APPROVED,2022-02-04 21:11:08.379000,2022-02-04 21:19:35.779000,507.4,19,26,0,100,2022-02-04 21:19:48.901000,1AE5690E,United Kingdom,United Kingdom,Part-Time,English,United Kingdom,Male,Yes
61fd96828079f59fd887222b,5e5843f3677ae4053b1a0169,APPROVED,2022-02-04 21:11:30.195000,2022-02-04 21:45:15.144000,2024.949,36,485,0,100,2022-02-04 22:04:25.679000,1AE5690E,United Kingdom,United Kingdom,"Not in paid work (e.g. homemaker', 'retired or disabled)",English,United Kingdom,Male,No
61fd968d825ea3206d3da639,5eb878b706340e7d115c8ac6,APPROVED,2022-02-04 21:11:41.426000,2022-02-04 21:18:04.886000,383.46,26,430,2,100,2022-02-04 21:35:00.141000,1AE5690E,United Kingdom,United Kingdom,DATA EXPIRED,English,United Kingdom,Female,DATA EXPIRED
61fd96aa73685b9e44028840,5f10badda2f6933c50f5cbf2,APPROVED,2022-02-04 21:12:18.813000,2022-02-04 21:20:17.420000,478.607,29,302,3,100,2022-02-04 21:20:21.460000,1AE5690E,United Kingdom,United Kingdom,DATA EXPIRED,English,United Kingdom,Female,DATA EXPIRED
6201a21d7d40da6f964b26d8,60fcaebcbedd93a7e5bb14c1,APPROVED,2022-02-07 22:50:09.343000,2022-02-07 22:54:48.783000,279.44,18,389,1,100,2022-02-07 23:17:36.244000,1AE5690E,United States,United States,Unemployed (and job seeking),English,United States,Female,Yes
6201a21eaebb32ff7bdd7eb4,60fd310fff5b2600c9d95554,APPROVED,2022-02-07 22:50:15.716000,2022-02-07 23:00:45.173000,629.457,29,267,0,100,2022-02-07 23:17:36.020000,1AE5690E,United Kingdom,United Kingdom,Part-Time,English,United Kingdom,Female,No
6201a21fa49e999c323135c7,5f5e2a3fac7dc60804d8d468,APPROVED,2022-02-07 22:51:15.091000,2022-02-07 22:56:15.609000,300.518,23,412,5,98,2022-02-07 23:17:34.169000,1AE5690E,United Kingdom,United Kingdom,Full-Time,English,United Kingdom,Female,No
6201a2213ee0703f3adf65f3,5ca76c1aa110d9001771f0c4,APPROVED,2022-02-07 22:50:13.019000,2022-02-07 22:56:47.105000,394.086,20,161,0,100,2022-02-07 23:17:36.106000,1AE5690E,United Kingdom,United Kingdom,"Not in paid work (e.g. homemaker', 'retired or disabled)",English,United Kingdom,Female,Yes
6201a221c69c6c78d005c830,5bfd667f1fe1e50001406d4c,APPROVED,2022-02-07 22:50:09.672000,2022-02-07 22:57:35.244000,445.572,41,569,2,100,2022-02-07 23:38:08.921000,1AE5690E,United Kingdom,United Kingdom,Full-Time,English,United Kingdom,Male,DATA EXPIRED
6201a2224c0c6aa8afc1c3f2,5ca272f5caf59c0001a942cb,APPROVED,2022-02-07 22:51:20.668000,2022-02-07 22:58:44.759000,444.091,32,880,0,100,2022-02-07 23:17:34.079000,1AE5690E,United States,United States,Full-Time,English,United States,Female,No
6201a222780f1698c2f92fe4,5c5d36bc034e280001644c3b,APPROVED,2022-02-07 22:50:21.385000,2022-02-07 23:05:23.392000,902.007,52,1023,12,98,2022-02-07 23:17:35.164000,1AE5690E,Zimbabwe,United Kingdom,Full-Time,English,United Kingdom,Female,DATA EXPIRED
6201a222eaa5a366e689705b,5ed559e5afbd830e2117ed55,APPROVED,2022-02-07 22:50:11.500000,2022-02-07 23:04:05.892000,834.392,60,1636,1,100,2022-02-07 23:17:36.177000,1AE5690E,United States,United States,Full-Time,English,United States,Male,No
6201a222ecc30b60ada73d91,5ea1a9b5e876fe07b737367b,APPROVED,2022-02-07 22:50:19.516000,2022-02-07 22:58:11.067000,471.551,62,435,1,100,2022-02-07 23:17:35.442000,1AE5690E,Canada,Canada,Part-Time,English,Canada,Female,No
6201a223af1734de5747ed6b,5db54b75a3df85000edfa2cf,APPROVED,2022-02-07 22:50:21.125000,2022-02-07 22:57:02.465000,401.34,34,209,0,100,2022-02-07 23:17:35.233000,1AE5690E,Canada,Canada,Unemployed (and job seeking),English,Canada,Female,No
6201a223c74a1397a384db53,6145135f01ab17bf41e67820,APPROVED,2022-02-07 22:50:27.804000,2022-02-07 22:57:38.350000,430.546,38,179,4,98,2022-02-07 23:17:34.569000,1AE5690E,United Kingdom,United Kingdom,Part-Time,English,United Kingdom,Male,No
6201a2249160cc74a8c3dc3e,5dd5ff2080123f5afc05fe82,APPROVED,2022-02-07 22:50:17.373000,2022-02-07 23:08:10.167000,1072.794,29,204,2,99,2022-02-07 23:17:35.785000,1AE5690E,United States,United States,DATA EXPIRED,English,United States,Female,No
6201a224a02c5aa7c04ff7c0,607897a566b792397d974201,APPROVED,2022-02-07 22:50:12.814000,2022-02-07 22:57:44.799000,451.985,52,534,1,100,2022-02-07 23:38:10.260000,1AE5690E,United States,United States,Part-Time,English,United States,Female,No
6201a224df428485bd8b6e8d,5d3e223baca82300197c9a0b,APPROVED,2022-02-07 22:51:30.731000,2022-02-07 23:17:43.653000,1572.922,29,953,1,100,2022-02-07 23:17:44.373000,Manual Completion,United States,United States,"Not in paid work (e.g. homemaker', 'retired or disabled)",English,United States,Female,No
6201a22597c3d24c321e91b8,60426ee0eea59612c23d9dea,APPROVED,2022-02-07 22:50:13.113000,2022-02-07 23:00:14.801000,601.688,22,132,0,100,2022-02-07 23:38:09.469000,1AE5690E,Hungary,Hungary,Part-Time,English,Hungary,Male,Yes
6201a225a39be527ba8d5b16,610309d6b51e8a9a5da8a6f4,APPROVED,2022-02-07 22:50:17.448000,2022-02-07 23:02:00.140000,702.692,27,305,0,100,2022-02-07 23:17:35.694000,1AE5690E,United States,United States,"Not in paid work (e.g. homemaker', 'retired or disabled)",English,United States,Female,No
6201a22632a7a5fe43c3e19a,581ccd016c73180001fa5b2a,APPROVED,2022-02-07 22:50:14.891000,2022-02-07 23:00:03.079000,588.188,43,3029,9,100,2022-02-07 23:38:10.643000,1AE5690E,United Kingdom,United Kingdom,DATA EXPIRED,English,United Kingdom,Male,DATA EXPIRED
6201a226984ebb997e57b3b6,5ea2ad7fbe25990115315611,APPROVED,2022-02-07 22:50:16.500000,2022-02-07 22:57:49.024000,452.524,48,407,0,100,2022-02-07 23:17:35.955000,1AE5690E,United Kingdom,United Kingdom,Part-Time,English,United Kingdom,Female,No
6201a226d362a51c8032338b,616faf3ab8c53e7a73a5dea5,APPROVED,2022-02-07 22:50:17.344000,2022-02-07 22:54:57.617000,280.273,21,425,2,100,2022-02-07 23:17:35.880000,1AE5690E,United States,United States,Other,English,United States,Female,Yes
6201a22781072fa52064426b,5758a78d768081000631a322,APPROVED,2022-02-07 22:50:17.674000,2022-02-07 23:01:07.819000,650.145,53,556,1,100,2022-02-07 23:17:35.624000,1AE5690E,United States,United States,Full-Time,English,United States,Female,DATA EXPIRED
6201a2278958e106a53585f0,57b8e70f35624400013d690c,APPROVED,2022-02-07 22:50:15.406000,2022-02-07 22:57:45.169000,449.763,35,1518,4,100,2022-02-07 23:38:12.501000,1AE5690E,United Kingdom,United Kingdom,DATA EXPIRED,English,United Kingdom,Female,DATA EXPIRED
6201a227d6942886c77a2f92,5efa66c030577f1782e0311a,APPROVED,2022-02-07 22:50:40.557000,2022-02-07 23:01:10.355000,629.798,21,288,1,100,2022-02-07 23:17:34.409000,NOCODE,United Kingdom,United Kingdom,DATA EXPIRED,English,United Kingdom,Female,DATA EXPIRED
6201a227deb71fe0df76b804,592220f8fc043000016c5aeb,APPROVED,2022-02-07 22:50:15.156000,2022-02-07 23:38:11.476000,2876.32,36,620,9,97,2022-02-07 23:38:11.681000,Manual Completion,United Kingdom,United Kingdom,Unemployed (and job seeking),English,United Kingdom,Male,No
6201a228503f854e0753dc50,614da66d7f267237bf6d05e6,APPROVED,2022-02-07 22:50:21,2022-02-07 23:00:29.061000,608.061,61,214,1,100,2022-02-07 23:17:35.308000,1AE5690E,United Kingdom,United Kingdom,Part-Time,English,United Kingdom,Male,No
6201a22861a6a1ff47abe7ab,606f980e6800a07521b8f054,APPROVED,2022-02-07 22:50:18.918000,2022-02-07 23:00:32.886000,613.968,45,643,0,100,2022-02-07 23:17:35.506000,1AE5690E,United States,United States,"Not in paid work (e.g. homemaker', 'retired or disabled)",English,United States,Female,No
6201a2289d8a468d31960520,60464c1eb5eb8b0dccd04684,APPROVED,2022-02-07 22:50:20.941000,2022-02-07 23:00:28.812000,607.871,26,1057,0,100,2022-02-07 23:17:35.381000,1AE5690E,United States,United States,Full-Time,English,United States,Male,Yes
6201a2289e68cb9fa0567c9b,5b0881a82e75960001b8b505,APPROVED,2022-02-07 22:50:16.809000,2022-02-07 22:57:45.073000,448.264,32,822,3,100,2022-02-07 23:38:13.259000,1AE5690E,United Kingdom,United Kingdom,DATA EXPIRED,English,United Kingdom,Female,DATA EXPIRED
6201a22a057041f8b6dbf4e9,5d102402903d45000151ca7a,APPROVED,2022-02-07 22:50:27.245000,2022-02-07 22:59:09.392000,522.147,60,151,0,100,2022-02-07 23:17:34.721000,1AE5690E,New Zealand,New Zealand,Full-Time,English,New Zealand,Male,No
6201a22a8407d40d1be0ee1c,55ac3198fdf99b6de3b68b23,APPROVED,2022-02-07 22:50:25.629000,2022-02-07 22:59:24.828000,539.199,57,2013,6,100,2022-02-07 23:17:34.801000,NOCODE,United Kingdom,United Kingdom,DATA EXPIRED,English,United Kingdom,Male,DATA EXPIRED
6201a22a8af75a73e3db64e5,568db47ae3ef9e000ca0dcdd,APPROVED,2022-02-07 22:50:18.909000,2022-02-07 22:55:48.625000,329.716,41,467,4,100,2022-02-07 23:38:14.634000,1AE5690E,United Kingdom,United Kingdom,DATA EXPIRED,English,United Kingdom,Male,DATA EXPIRED
6201a22a95dff5c79f9bbb9d,5fb249cbf1bb8b7db9bb8d13,APPROVED,2022-02-07 22:51:25.799000,2022-02-07 22:59:17.739000,471.94,57,226,1,100,2022-02-07 23:17:34.017000,1AE5690E,United Kingdom,United Kingdom,Part-Time,English,United Kingdom,Female,No
6201a22aa49e999c323135c8,5eefae66afa4e549ac714f73,APPROVED,2022-02-07 22:50:18.569000,2022-02-07 22:57:04.772000,406.203,26,433,1,100,2022-02-07 23:38:13.848000,1AE5690E,United Kingdom,United Kingdom,Full-Time,English,United Kingdom,Male,No
6201a22b3b9eff76c3b5e7f0,5fa154fd4cbe97227182aff7,APPROVED,2022-02-07 22:50:19.836000,2022-02-07 23:08:19.589000,1079.753,30,31,0,100,2022-02-07 23:38:16.103000,1AE5690E,South Africa,South Africa,Unemployed (and job seeking),English,South Africa,Male,No
6201a22b55d2f9f2d393b788,5b5a0ed1e56aea000118ad3a,APPROVED,2022-02-07 22:50:22.742000,2022-02-07 22:56:36.833000,374.091,27,540,4,99,2022-02-07 23:17:35.073000,1AE5690E,United Kingdom,Ireland,Due to start a new job within the next month,English,United Kingdom,Female,No
6201a22b723dd4cf10e99aef,6015ad2e9865f10c9ac5d42d,APPROVED,2022-02-07 22:50:19.214000,2022-02-07 23:02:23.016000,723.802,34,29,0,100,2022-02-07 23:38:14.865000,1AE5690E,Ireland,Ireland,Unemployed (and job seeking),English,Ireland,Male,No
6201a22be34aca1f492a8408,60c1e5ab56323dbfa3e2ba9b,APPROVED,2022-02-07 22:50:27.783000,2022-02-07 23:05:28.781000,900.998,34,96,3,98,2022-02-07 23:17:34.655000,1AE5690E,Spain,Spain,Full-Time,English,Spain,Female,Yes
6201a22c215f14d83cf2a466,6133a95623ae6ddc6ee4d53f,APPROVED,2022-02-07 22:50:29.330000,2022-02-07 22:59:58.374000,569.044,63,171,1,100,2022-02-07 23:17:34.489000,1AE5690E,United States,United States,Full-Time,English,United States,Female,No
6201a22c8355516c3cddab40,615734b16b50355d4521f849,APPROVED,2022-02-07 22:50:20.002000,2022-02-07 23:02:30.225000,730.223,21,234,0,100,2022-02-07 23:38:16.477000,1AE5690E,United Kingdom,United Kingdom,Full-Time,English,United Kingdom,Male,Yes
6201a22c8991654248d291d0,5d4a03a7278a80001a4fa9df,APPROVED,2022-02-07 22:50:56.160000,2022-02-07 23:02:04.091000,667.931,41,999,0,100,2022-02-07 23:17:34.246000,1AE5690E,United States,United States,Unemployed (and job seeking),English,United States,Male,No
6201a22c98f323de49aa1f70,5b1aa0433e5521000120f7a8,APPROVED,2022-02-07 22:50:20.660000,2022-02-07 22:58:49.663000,509.003,31,1144,8,99,2022-02-07 23:38:05.192000,1AE5690E,United Kingdom,United Kingdom,Part-Time,English,United Kingdom,Female,No
6201a22cff8f9d9b8f697660,597519f8262c480001bbaf8b,APPROVED,2022-02-07 22:50:20.324000,2022-02-07 23:02:39.617000,739.293,69,1259,0,100,2022-02-07 23:38:06.410000,1AE5690E,United Kingdom,United Kingdom,"Not in paid work (e.g. homemaker', 'retired or disabled)",English,United Kingdom,Female,No
6201a22d0e06e3e22c2cc692,60c5165878a82f763c29536a,APPROVED,2022-02-07 22:50:23.745000,2022-02-07 23:00:32.291000,608.546,25,172,3,98,2022-02-07 23:17:34.978000,1AE5690E,United Kingdom,United Kingdom,Full-Time,English,United Kingdom,Male,No
6201a22d7d40da6f964b26dd,6093e78e30fb90f291b261f9,APPROVED,2022-02-07 22:50:24.500000,2022-02-07 23:17:49.711000,1645.211,52,258,2,100,2022-02-07 23:17:50.287000,Manual Completion,United Kingdom,United Kingdom,Part-Time,English,United Kingdom,Female,No
6201a22d9160cc74a8c3dc40,5f54d772f5bba984fdf8676e,APPROVED,2022-02-07 22:50:42.817000,2022-02-07 23:01:20.459000,637.642,24,349,4,99,2022-02-07 23:17:34.328000,1AE5690E,United Kingdom,United Kingdom,Full-Time,English,United Kingdom,Female,No
6201a22dd8f8b4d3026e4fe6,60ea3690567f68655f83d0b5,APPROVED,2022-02-07 22:50:24.710000,2022-02-07 22:57:28.465000,423.755,38,354,0,100,2022-02-07 23:17:34.894000,1AE5690E,United States,United States,"Not in paid work (e.g. homemaker', 'retired or disabled)",English,United States,Male,No
6201a22deaa5a366e689705d,5f032da8d02aa11ef3ccabeb,APPROVED,2022-02-07 22:50:21.589000,2022-02-07 22:56:42.744000,381.155,25,358,0,100,2022-02-07 23:38:03.795000,1AE5690E,United Kingdom,United Kingdom,Full-Time,English,United Kingdom,Female,No
6201a22dfd7836b007ae87bb,5fce7f5873c4b10c213c22e2,APPROVED,2022-02-07 22:50:21.405000,2022-02-07 22:55:26.002000,304.597,20,42,1,97,2022-02-07 23:38:04.455000,1AE5690E,United Kingdom,United Kingdom,Part-Time,English,United Kingdom,Male,Yes
6201a22e520468c4ed4c421e,6098164e4c37ed73ca9c74f5,APPROVED,2022-02-07 22:59:22.230000,2022-02-07 23:03:55.281000,273.051,19,299,1,100,2022-02-07 23:17:33.678000,1AE5690E,United States,United States,Unemployed (and job seeking),English,United States,Female,Yes
6201a22e689abd1fe400b29b,611137facfa9be41762fbedc,APPROVED,2022-02-07 22:50:24.569000,2022-02-08 17:16:37.130000,66372.561,36,191,1,100,2022-02-08 17:16:38.053000,Manual Completion,United Kingdom,United Kingdom,Full-Time,English,United Kingdom,Female,No
6201a2750a8701013638c6e1,5ea2db31f5c6d720f25f0697,APPROVED,2022-02-07 22:51:33.261000,2022-02-07 23:01:32.991000,599.73,63,562,2,100,2022-02-07 23:38:02.452000,1AE5690E,United Kingdom,United Kingdom,"Not in paid work (e.g. homemaker', 'retired or disabled)",English,United Kingdom,Male,No
6201a288cc794af2ea17052f,61506f90721dcdeca6e77c2d,APPROVED,2022-02-07 22:52:21.558000,2022-02-07 23:05:19.406000,777.848,25,169,0,100,2022-02-07 23:17:33.944000,1AE5690E,United States,United States,Full-Time,English,United States,Male,No
6201a31f20ab48d2e09f0aa3,5d61a3001c84fc001780f4ad,APPROVED,2022-02-07 22:54:25.847000,2022-02-07 22:58:54.201000,268.354,22,759,4,99,2022-02-07 23:17:33.853000,1AE5690E,United States,United States,Part-Time,English,United States,Female,No
6201b9f859c7bd055eaf2f8e,5fe112243ce806b5704eca6e,APPROVED,2022-02-08 00:32:03.265000,2022-02-08 00:39:17.066000,433.801,41,943,1,100,2022-02-08 17:15:13.915000,1AE5690E,United States,United States,"Not in paid work (e.g. homemaker', 'retired or disabled)",English,United States,Male,No
6201ba114ed6d97c3fe07f4c,56259489ed6e5a0005c80fde,APPROVED,2022-02-08 00:32:17.205000,2022-02-08 00:42:33.213000,616.008,35,2264,8,100,2022-02-08 17:15:14.040000,1AE5690E,United States,United States,Part-Time,English,United States,Male,No
6201ba1584e27f4bf41f78dd,55c664aefdf99b5cd4c4e618,APPROVED,2022-02-08 00:32:21.766000,2022-02-08 00:36:34.988000,253.222,31,2081,3,100,2022-02-08 17:15:14.139000,1AE5690E,United States,United States,Full-Time,English,United States,Male,No
6201ba2f4e118c901de6ea1f,5f3bc91327d97393a0c56178,APPROVED,2022-02-08 00:32:47.835000,2022-02-08 00:47:17.607000,869.772,35,199,1,100,2022-02-08 17:15:14.266000,1AE5690E,United States,United States,Full-Time,English,United States,Male,No
6201ba4b0fda48ddef9419ca,5f80bc44efa2c013099af460,APPROVED,2022-02-08 00:33:21.817000,2022-02-08 00:39:21.854000,360.037,32,1369,4,100,2022-02-08 17:15:14.401000,1AE5690E,United States,United States,Full-Time,English,United States,Male,Yes
6201ba5f196377f4890b1c8c,5f2a12f5837dd81e5881b7cc,APPROVED,2022-02-08 00:33:35.687000,2022-02-08 00:49:29.458000,953.771,43,1404,0,100,2022-02-08 17:15:14.516000,1AE5690E,United States,United States,"Not in paid work (e.g. homemaker', 'retired or disabled)",English,United States,Male,No
6201ba6001e80f8d29b5c260,611c1cf68a3a6fc487b01d82,APPROVED,2022-02-08 00:33:41.476000,2022-02-08 00:41:16.155000,454.679,32,555,4,99,2022-02-08 17:15:14.653000,1AE5690E,United States,United States,Unemployed (and job seeking),English,United States,Male,No
6201ba66695253ef62b90646,5fed41e3e14422f5e308c6e5,APPROVED,2022-02-08 00:33:44.809000,2022-02-08 00:58:08.589000,1463.78,43,1167,2,100,2022-02-08 17:15:14.758000,1AE5690E,United States,United States,Full-Time,English,United States,Male,No
6201ba77f30eb167f22ace22,5fc3d41149c0c8728f07b95b,APPROVED,2022-02-08 00:38:35.625000,2022-02-08 00:49:40.116000,664.491,30,1027,4,100,2022-02-08 17:15:14.876000,1AE5690E,United States,United States,Full-Time,English,United States,Male,No
6201ba9163f7173462d32498,56f1d53bf2df32000b8f3748,APPROVED,2022-02-08 00:34:25.589000,2022-02-08 00:39:05.222000,279.633,35,1178,2,100,2022-02-08 17:15:14.982000,1AE5690E,United States,United States,Full-Time,English,United States,Male,No
6201bbf342ad70f4548561fc,5f496b791798ec4d6340620d,APPROVED,2022-02-08 00:40:21.383000,2022-02-08 17:16:43.016000,59781.633,32,1079,8,99,2022-02-08 17:16:47.270000,Manual Completion,United States,United States,Full-Time,English,United States,Male,No
6201bc55a3b505f120073a1a,57749a1f760c1f0001ca7679,APPROVED,2022-02-08 00:41:59.979000,2022-02-08 00:47:02.331000,302.352,39,179,4,98,2022-02-08 17:15:15.121000,1AE5690E,United States,United States,Other,English,United States,Male,No
6201bc878f76ff3aed6c745b,5d1c364ec2696c0019647629,APPROVED,2022-02-08 00:47:16.111000,2022-02-08 01:04:49.996000,1053.885,33,1601,7,99,2022-02-08 17:15:15.265000,1AE5690E,United States,United States,Full-Time,English,United States,Male,No
6201bd1f04dcbc87576f5b54,5fdfb7d6e1442280fc095a66,APPROVED,2022-02-08 00:45:21.542000,2022-02-08 00:54:48.376000,566.834,30,1418,3,100,2022-02-08 17:15:15.411000,1AE5690E,United States,United States,Full-Time,English,United States,Male,No
6201bdcd343b9b36fc33b387,56e130548b1c33000a388671,APPROVED,2022-02-08 00:48:13.420000,2022-02-08 17:16:44.022000,59310.602,28,1973,5,100,2022-02-08 17:16:44.281000,Manual Completion,United States,United States,Full-Time,English,United States,Male,No
6201bddd0e67637e229e771b,568d286ab5a2c2000cb6a91c,APPROVED,2022-02-08 00:48:29.468000,2022-02-08 00:55:30.527000,421.059,33,422,1,100,2022-02-08 17:15:15.538000,1AE5690E,United States,United States,Part-Time,English,United States,Female,No
6201bde3eb8959b4e0c9f050,5c2c6e432c45d400014a35e3,APPROVED,2022-02-08 00:48:35.347000,2022-02-08 17:16:45.554000,59290.207,38,1932,3,100,2022-02-08 17:16:46.470000,Manual Completion,United States,United States,DATA EXPIRED,English,United States,Male,Yes
6201be9b0e67637e229e7720,60c75628113cc78734583d3b,APPROVED,2022-02-08 00:51:53.055000,2022-02-08 01:00:43.141000,530.086,62,840,3,100,2022-02-08 17:15:15.668000,1AE5690E,United States,United States,Full-Time,English,United States,Male,No
6201bec716bb50cdb802540f,610871d42f29bee3bd9f2c88,APPROVED,2022-02-08 00:52:28.689000,2022-02-08 00:57:52.464000,323.775,23,481,1,100,2022-02-08 17:15:15.807000,1AE5690E,United States,United States,DATA EXPIRED,English,United States,Female,DATA EXPIRED
6201beca8a431b7315958d28,5fb9b9c1c62f408e51e09e32,APPROVED,2022-02-08 00:52:32.370000,2022-02-08 01:02:44.225000,611.855,68,982,2,100,2022-02-08 17:15:15.925000,1AE5690E,United States,United States,Part-Time,English,United States,Female,No
6201bed537d7d44de7727303,5d6ef023cfe0a400198f911e,APPROVED,2022-02-08 00:52:37.706000,2022-02-08 00:59:39.548000,421.842,32,1986,1,100,2022-02-08 17:15:16.023000,1AE5690E,United States,United States,Full-Time,English,United States,Male,No
6201beddbfa7285d2448d9e8,5b79bd77c4e6ad0001d2f312,APPROVED,2022-02-08 00:52:49.343000,2022-02-08 17:16:46.337000,59036.994,75,1425,6,99,2022-02-08 17:16:49.613000,Manual Completion,United States,United States,Part-Time,English,United States,Male,No
6201bee118b71e3634372298,5ea8154dcfd4dd20473ed88e,APPROVED,2022-02-08 00:52:50.953000,2022-02-08 00:57:09.041000,258.088,28,1318,5,100,2022-02-08 17:15:16.147000,1AE5690E,United States,United States,Full-Time,English,United States,Male,No
6201bee16fe6146d2c9151e4,60ff32677943528c59d4cfb3,APPROVED,2022-02-08 00:52:52.282000,2022-02-08 00:57:32.988000,280.706,22,435,2,100,2022-02-08 17:15:16.266000,1AE5690E,China,United States,DATA EXPIRED,English,United States,Female,No
6201bee673ed33ef81ecb638,61210b5c3f465c51a7f4166a,APPROVED,2022-02-08 00:52:54.155000,2022-02-08 01:19:55.390000,1621.235,37,552,1,100,2022-02-08 17:15:16.398000,1AE5690E,United States,United States,Full-Time,English,United States,Female,No
6201beebe58b5acff61f75cd,57bedd51eb2a5400013425c4,APPROVED,2022-02-08 00:53:15.797000,2022-02-08 01:03:42.824000,627.027,59,283,1,100,2022-02-08 17:15:16.503000,1AE5690E,United States,United States,Full-Time,English,United States,Female,No
6201beec2a305ac0ea69826d,5fea7e34e1506a5df25419ec,APPROVED,2022-02-08 00:53:08.648000,2022-02-08 00:58:45.907000,337.259,37,571,2,100,2022-02-08 17:15:16.646000,NOCODE,United States,United States,Other,English,United States,Female,No
6201beed2a305ac0ea69826e,60bd00c4910b05ae6c440636,APPROVED,2022-02-08 00:53:08.928000,2022-02-08 01:00:25.080000,436.152,31,339,6,97,2022-02-08 17:15:16.763000,1AE5690E,United States,United States,DATA EXPIRED,English,United States,Female,DATA EXPIRED
6201bef02edee5764f0e3cc6,546e3778fdf99b2bc7ebcff6,APPROVED,2022-02-08 00:53:10.391000,2022-02-08 01:00:50.631000,460.24,74,2444,8,100,2022-02-08 17:15:16.896000,1AE5690E,United States,United States,"Not in paid work (e.g. homemaker', 'retired or disabled)",English,United States,Female,No
6201bef84b21383881444639,5fd67cce91f9895969c0edee,APPROVED,2022-02-08 00:53:12.867000,2022-02-08 01:01:22.383000,489.516,31,1380,7,100,2022-02-08 17:15:17.019000,1AE5690E,United States,United States,Full-Time,English,United States,Male,No
6201bf064b1fd37cc5515afe,5e9f3f09ccc75a0c345e4845,APPROVED,2022-02-08 00:53:38.009000,2022-02-08 00:59:40.699000,362.69,62,1723,3,100,2022-02-08 17:15:17.139000,1AE5690E,United States,United States,Part-Time,English,United States,Female,No
6201bf08583cb81c37442c8a,5d5181fc842e8600171e5a78,APPROVED,2022-02-08 00:55:01.517000,2022-02-08 01:01:19.032000,377.515,37,806,16,95,2022-02-08 17:15:17.305000,1AE5690E,Italy,United States,Full-Time,English,United States,Male,No
6201bf09022c46b79b83db08,5f1dea279f4818757f07f087,APPROVED,2022-02-08 00:53:54.312000,2022-02-08 01:07:03.629000,789.317,59,1557,8,100,2022-02-08 17:15:17.457000,1AE5690E,United States,United States,"Not in paid work (e.g. homemaker', 'retired or disabled)",English,United States,Female,No
6201bf1fa900d2c639a52347,5e230311699ac45b327786dc,APPROVED,2022-02-08 00:53:51.878000,2022-02-08 00:59:49.653000,357.775,66,656,5,99,2022-02-08 17:15:17.576000,1AE5690E,United States,United States,Part-Time,English,United States,Female,No
6201bf2051fe1b7655b2c147,5e74f18520ab35040b41d526,APPROVED,2022-02-08 00:53:54.672000,2022-02-08 17:16:48.111000,58973.439,56,1431,4,100,2022-02-08 17:16:48.737000,Manual Completion,United States,United States,"Not in paid work (e.g. homemaker', 'retired or disabled)",English,United States,Female,No
6201bf214a998dab70abfd8f,5c0dbb9b9166290001253342,APPROVED,2022-02-08 00:53:57.741000,2022-02-08 01:02:33.728000,515.987,46,873,1,100,2022-02-08 17:15:17.696000,1AE5690E,United States,United States,Full-Time,English,United States,Male,No
6201bf237e438272086f4e2f,5e3cddaa64dfd70d85a5ef3f,APPROVED,2022-02-08 00:54:10.383000,2022-02-08 00:59:43.467000,333.084,40,1324,0,100,2022-02-08 17:15:17.812000,1AE5690E,United States,United States,Full-Time,English,United States,Male,No
6201bf2e4e90988536c8e9f1,5a78e410ae9a0b0001a97274,APPROVED,2022-02-08 00:54:10.417000,2022-02-08 00:59:37.908000,327.491,30,1706,2,100,2022-02-08 17:15:17.933000,NOCODE,United States,United States,"Not in paid work (e.g. homemaker', 'retired or disabled)",English,United States,Female,No
6201bf2f18b71e363437229c,5fd63cb585f88c4eb1933661,APPROVED,2022-02-08 00:54:07.694000,2022-02-08 00:59:01.260000,293.566,46,935,8,98,2022-02-08 17:15:18.048000,1AE5690E,United States,United States,DATA EXPIRED,English,United States,Female,DATA EXPIRED
6201bf400fa962ab95f9697f,612e91f6654fd2227289c863,APPROVED,2022-02-08 00:54:26.634000,2022-02-08 00:58:59.935000,273.301,31,393,5,98,2022-02-08 17:15:18.161000,1AE5690E,United States,United States,Full-Time,English,United States,Male,No
6201bf40285eca6ad7cfe583,5f8a029e11759508e89c651f,APPROVED,2022-02-08 00:54:29.759000,2022-02-08 01:01:00.507000,390.748,35,166,0,100,2022-02-08 17:15:18.323000,1AE5690E,United States,United States,Other,English,United States,Female,No
6201bf4881ad62296fd3bc0f,611341c34be95409850e4341,APPROVED,2022-02-08 00:54:41.882000,2022-02-08 01:07:31.568000,769.686,51,524,0,100,2022-02-08 17:15:18.430000,1AE5690E,United States,United States,Full-Time,English,United States,Female,No
6201bf5216781dc19d73e6c9,60bff9298f56d55c8ecd9adf,APPROVED,2022-02-08 00:54:56.248000,2022-02-08 01:01:24.118000,387.87,31,510,3,100,2022-02-08 17:15:18.597000,1AE5690E,United States,United States,Unemployed (and job seeking),English,United States,Female,No
6201bf5c1843de46b5a82248,6154973c69da7c97996a19f6,APPROVED,2022-02-08 00:55:15.432000,2022-02-08 01:02:51.128000,455.696,23,415,0,100,2022-02-08 17:15:18.742000,1AE5690E,United States,United States,Unemployed (and job seeking),English,United States,Female,No
6201bf5f1a1e4259ca62c021,612d0998643625efcd6234c9,APPROVED,2022-02-08 00:54:57.334000,2022-02-08 01:06:15.739000,678.405,45,454,4,99,2022-02-08 17:15:18.866000,1AE5690E,United States,United States,Unemployed (and job seeking),English,United States,Female,No
6201bf60a0eb2b03a55a2dc3,6036f9b3b1842f8b659b18c7,APPROVED,2022-02-08 00:54:56.278000,2022-02-08 01:02:16.736000,440.458,28,899,7,99,2022-02-08 17:15:18.996000,1AE5690E,United States,United States,DATA EXPIRED,English,United States,Female,DATA EXPIRED
6201bf622098794806c55491,5c22f28d70d93a0001201738,APPROVED,2022-02-08 00:55:00.500000,2022-02-08 01:18:48.635000,1428.135,56,2103,2,100,2022-02-08 17:15:19.187000,1AE5690E,United States,United States,Full-Time,English,United States,Male,No
6201bf624b21383881444640,604b9e6373c491acd8aec923,APPROVED,2022-02-08 00:55:02.119000,2022-02-08 01:00:56.356000,354.237,42,1192,7,99,2022-02-08 17:15:19.337000,1AE5690E,United States,United States,Full-Time,English,United States,Male,No
6201bf64f6cf3e7614030e90,588021688e1ad5000142dfdf,APPROVED,2022-02-08 00:55:02.423000,2022-02-08 01:00:41.314000,338.891,23,85,0,100,2022-02-08 17:15:19.493000,1AE5690E,United States,United States,Full-Time,English,United States,Female,No
6201bf71917918dfb2ae1e2c,5ba292385301b80001c71ba2,APPROVED,2022-02-08 00:55:15.594000,2022-02-08 01:00:36.201000,320.607,48,3262,4,100,2022-02-08 17:15:19.615000,1AE5690E,United States,United States,Full-Time,English,United States,Male,No
6201bf77e4bf9be7bcc6ab6d,60b63b1f1d8a6fc4d72d5328,APPROVED,2022-02-08 00:55:24.331000,2022-02-08 01:01:53.662000,389.331,55,554,1,100,2022-02-08 17:15:19.739000,1AE5690E,United States,United States,"Not in paid work (e.g. homemaker', 'retired or disabled)",English,United States,Female,No
6201bf7d6a3ad5f2dbb74d80,5f23ff398626c51fdd6c3fb5,APPROVED,2022-02-08 00:57:34.615000,2022-02-08 01:03:59.116000,384.501,40,1673,6,100,2022-02-08 17:15:19.830000,1AE5690E,United States,United States,Full-Time,English,United States,Female,No
6201bf80f09ce7271e6d5928,5be0f2c478a95e000186d639,APPROVED,2022-02-08 00:55:33.408000,2022-02-08 01:20:58.476000,1525.068,35,1248,1,100,2022-02-08 17:15:19.938000,1AE5690E,United States,United States,Full-Time,English,United States,Female,No
6201bfbb858bf0bbe4be119e,5cfb5233df7d70001619ca90,APPROVED,2022-02-08 00:56:31.346000,2022-02-08 01:06:11.284000,579.938,24,1105,2,100,2022-02-08 17:15:20.116000,1AE5690E,United States,United States,DATA EXPIRED,English,United States,Male,Yes
6201bfc1d021f988f8913d0f,5d5c25578af5fd0001ef3aee,APPROVED,2022-02-08 00:56:38.736000,2022-02-08 17:16:51.034000,58812.298,41,2148,9,99,2022-02-08 17:16:51.783000,Manual Completion,United States,United States,Full-Time,English,United States,Female,No
6201bfc51d2229288935d527,5c2805401d4eb70001177bfc,APPROVED,2022-02-08 00:56:40.812000,2022-02-08 01:04:12.221000,451.409,35,1944,1,100,2022-02-08 17:15:20.280000,1AE5690E,United States,United States,Part-Time,English,United States,Female,No
6201bfcac9bad7ed3ed31f7a,61115d821fe239854dfcdf13,APPROVED,2022-02-08 00:56:44.133000,2022-02-08 01:04:04.519000,440.386,24,303,1,100,2022-02-08 17:15:20.411000,1AE5690E,United States,United States,DATA EXPIRED,English,United States,Female,DATA EXPIRED
6201bfcc174c517f452c1226,5baa535fa3c9170001156197,APPROVED,2022-02-08 00:56:44.205000,2022-02-08 01:06:06.681000,562.476,32,1802,7,99,2022-02-08 17:15:20.604000,1AE5690E,United States,United States,DATA EXPIRED,English,United States,Female,DATA EXPIRED
6201bfd1f96f9eaeba80c6a5,5df3512f6552ef236f57ed05,APPROVED,2022-02-08 00:57:23.885000,2022-02-08 01:03:37.947000,374.062,38,942,2,100,2022-02-08 17:15:20.739000,1AE5690E,United States,United States,DATA EXPIRED,English,United States,Female,DATA EXPIRED
6201bfd58a9a0d5c52e7e774,60fe0d4a040e416585545db1,APPROVED,2022-02-08 00:56:57.760000,2022-02-08 01:04:20.536000,442.776,19,68,1,100,2022-02-08 17:15:20.905000,NOCODE,Canada,Canada,DATA EXPIRED,English,Canada,Female,DATA EXPIRED
6201bfe3bfa7285d2448d9f1,5f36bde6d3369c0cadac39bf,APPROVED,2022-02-08 00:59:55.972000,2022-02-08 01:11:44.554000,708.582,51,1299,4,100,2022-02-08 17:15:21.017000,1AE5690E,United States,United States,Full-Time,English,United States,Male,No
6201bfeb715538de9aeb4bf7,611c23e8d191b0f6005626db,APPROVED,2022-02-08 00:57:15.135000,2022-02-08 01:02:02.286000,287.151,30,97,0,100,2022-02-08 17:15:21.159000,1AE5690E,United Kingdom,United Kingdom,Unemployed (and job seeking),English,United Kingdom,Female,Yes
6201bffa917918dfb2ae1e31,615347ff7ff5494004c64604,APPROVED,2022-02-08 00:57:44.773000,2022-02-08 01:13:51.173000,966.4,22,372,3,100,2022-02-08 17:15:21.322000,1AE5690E,United States,United States,Full-Time,English,United States,Female,Yes
6201c0042e7eb50ff10128b9,616b2f4348f1d88ba83e8cc6,APPROVED,2022-02-08 00:58:38.741000,2022-02-08 01:07:04.163000,505.422,35,653,1,100,2022-02-08 17:15:21.475000,1AE5690E,United States,United States,Full-Time,English,United States,Male,No
6201c0071843de46b5a82250,5d6466d84e9aae0001598a5a,APPROVED,2022-02-08 00:57:46.394000,2022-02-08 01:04:34.962000,408.568,35,823,0,100,2022-02-08 17:15:21.616000,1AE5690E,United States,United States,Full-Time,English,United States,Female,No
6201c0085b47492c57fff619,61bb392e40db417c1a138dcb,APPROVED,2022-02-08 00:57:49.218000,2022-02-08 01:06:53.647000,544.429,48,134,1,99,2022-02-08 17:15:21.746000,1AE5690E,United States,United States,Part-Time,English,United States,Female,No
6201c00cf3b3b65ece4345c4,5f989fa02b5a611b2df1a305,APPROVED,2022-02-08 00:57:51.110000,2022-02-08 17:16:52.696000,58741.586,46,1165,2,100,2022-02-08 17:16:53.647000,Manual Completion,United States,United States,Full-Time,English,United States,Female,No
6201c0176c81c122b04fa072,5c4c7a1a9446be00017e6b4a,APPROVED,2022-02-08 00:58:08.670000,2022-02-08 01:09:15.640000,666.97,46,1813,16,96,2022-02-08 17:15:21.900000,1AE5690E,United States,United States,"Not in paid work (e.g. homemaker', 'retired or disabled)",English,United States,Female,No
6201c01cfa46515522ae8c30,600cd7f58edfb24a85b9d5d6,APPROVED,2022-02-08 00:58:08.127000,2022-02-08 01:07:35.776000,567.649,42,313,3,99,2022-02-08 17:15:22.033000,NOCODE,United States,United States,Full-Time,English,United States,Male,No
6201c03c8a9a0d5c52e7e779,60da18dba560960ea60a8fe5,APPROVED,2022-02-08 00:58:51.884000,2022-02-08 01:05:56.393000,424.509,31,892,0,100,2022-02-08 17:15:22.191000,1AE5690E,United States,United States,Full-Time,English,United States,Male,No
6201c047b51b1c694aedbdd8,610c56ddc029efbacb229c71,APPROVED,2022-02-08 00:58:54.285000,2022-02-08 17:16:54.438000,58680.153,55,548,5,98,2022-02-08 17:16:54.915000,Manual Completion,United States,United States,DATA EXPIRED,English,United States,Female,DATA EXPIRED
6201c0488fbf48c16479accf,60528358827e88148642cfeb,APPROVED,2022-02-08 00:58:51.105000,2022-02-08 01:04:02.298000,311.193,25,309,2,100,2022-02-08 17:15:22.371000,1AE5690E,United States,United States,Part-Time,English,United States,Female,No
6201c0489211c0e11a6716fd,615dd0b0a024ba4f4b4f7c24,APPROVED,2022-02-08 00:58:50.350000,2022-02-08 01:12:59.794000,849.444,43,425,0,100,2022-02-08 17:15:22.486000,1AE5690E,United States,United States,Full-Time,English,United States,Female,No
6201c05e89ff9498366a49c0,61074b165713a32de9306468,APPROVED,2022-02-08 00:59:13.302000,2022-02-08 01:10:33.772000,680.47,30,448,6,99,2022-02-08 17:15:22.627000,1AE5690E,United States,United States,Full-Time,English,United States,Female,No
6201c071784f8bf95727efae,61005d9fcedd6ea3ca4d232d,APPROVED,2022-02-08 00:59:31.586000,2022-02-08 01:04:41.964000,310.378,23,183,1,100,2022-02-08 17:15:22.759000,1AE5690E,United States,United States,DATA EXPIRED,English,United States,Female,DATA EXPIRED
6201c07f86e228400d40f2eb,6151c6e6fe892583908fc36f,APPROVED,2022-02-08 00:59:46.273000,2022-02-08 01:07:12.281000,446.008,46,508,0,100,2022-02-08 17:15:22.891000,1AE5690E,United States,United States,Full-Time,English,United States,Male,No
6201c0b66220d143ed70faa4,5fec06ae197628d566cdc782,APPROVED,2022-02-08 01:00:58.782000,2022-02-08 01:07:58.461000,419.679,52,631,1,100,2022-02-08 17:15:23.054000,1AE5690E,United States,United States,"Not in paid work (e.g. homemaker', 'retired or disabled)",English,United States,Female,No
6201c108f6b35042d1a7afec,5cd9dd09c8e37500018ab627,APPROVED,2022-02-08 01:02:07.403000,2022-02-08 01:12:44.113000,636.71,31,639,10,98,2022-02-08 17:15:23.177000,1AE5690E,United Kingdom,United Kingdom,Unemployed (and job seeking),English,United Kingdom,Female,No
6201c109ed8d129b8bb24194,6101c2aaf8555a745cfb472b,APPROVED,2022-02-08 01:02:05.764000,2022-02-08 01:08:36.208000,390.444,50,527,6,98,2022-02-08 17:15:23.322000,1AE5690E,United States,United States,Other,English,United States,Female,No
6201c116d949a4d7fa64acbf,61086f7fa61a5cf15d5079e6,APPROVED,2022-02-08 01:02:16.063000,2022-02-08 01:07:53.265000,337.202,39,483,1,100,2022-02-08 17:15:23.455000,1AE5690E,United States,United States,DATA EXPIRED,English,United States,Female,DATA EXPIRED
6201c11994a80380761e9cc9,60fe1a43857cc5f00d4a78ec,APPROVED,2022-02-08 01:02:21.450000,2022-02-08 22:16:07.186000,76425.736,40,294,1,100,2022-02-08 22:16:07.880000,Manual Completion,United States,United States,Full-Time,English,United States,Female,No
6201c14a8fbf48c16479acd9,617646d656a0115ca27ec794,APPROVED,2022-02-08 01:03:08.915000,2022-02-08 01:09:48.162000,399.247,23,448,6,98,2022-02-08 17:15:23.578000,1AE5690E,United States,United States,Other,English,United States,Male,No
6201c14be6d2fd62ca79dc5e,5f65597823696e0e9bd8f63a,APPROVED,2022-02-08 01:03:10.581000,2022-02-08 01:08:02.810000,292.229,43,1184,1,100,2022-02-08 17:15:23.685000,NOCODE,United States,United States,DATA EXPIRED,English,United States,Female,DATA EXPIRED
6201c1569b6209c5ebb0adaf,6134d8a566bc3dffe880e879,APPROVED,2022-02-08 01:03:21.557000,2022-02-08 01:14:52.279000,690.722,41,652,5,98,2022-02-08 17:15:23.813000,NOCODE,United States,United States,Full-Time,English,United States,Female,No
6201c1696ddd43d31a3362e7,60fcb7afde5ab78707e377d6,APPROVED,2022-02-08 01:03:41.756000,2022-02-08 01:11:48.926000,487.17,23,405,1,100,2022-02-08 17:15:23.940000,1AE5690E,United States,United States,Part-Time,English,United States,Female,No
6201c17ccfea32e54a2309e9,6168e3efc08671bd92f7fd37,APPROVED,2022-02-08 01:03:59.893000,2022-02-08 01:10:15.880000,375.987,34,441,1,100,2022-02-08 17:15:24.077000,1AE5690E,United States,United States,Part-Time,English,United States,Female,No
6201c18e5840bc3aadab8a40,5f0fab5abdec9a1aff2b2744,APPROVED,2022-02-08 01:04:19.019000,2022-02-08 22:16:05.362000,76306.343,31,1247,5,100,2022-02-08 22:16:05.893000,Manual Completion,United States,United States,DATA EXPIRED,English,United States,Female,DATA EXPIRED
6201c1947dbb36c059e3407d,612fd3208d3decaf3ec80bcc,APPROVED,2022-02-08 01:04:25.182000,2022-02-08 01:13:51.772000,566.59,46,521,4,99,2022-02-08 17:15:24.205000,1AE5690E,United States,United States,Unemployed (and job seeking),English,United States,Female,No
6201c19683486858151cb4c8,60fd795a96e15917bb9966c9,APPROVED,2022-02-08 01:06:01.412000,2022-02-08 22:16:02.886000,76201.474,18,370,5,99,2022-02-08 22:16:03.624000,Manual Completion,United States,United States,DATA EXPIRED,English,United States,Female,DATA EXPIRED
6201c1975d5c63b7dfcebd2e,5bbc18010cb04c00015025ce,APPROVED,2022-02-08 01:04:26.237000,2022-02-08 01:11:07.497000,401.26,33,1357,4,100,2022-02-08 17:15:24.327000,1AE5690E,United States,United States,Full-Time,English,United States,Female,No
6201c1a8c74644fecff012e9,5d60b5beea1c1c0001c98bf6,APPROVED,2022-02-08 01:05:25.931000,2022-02-08 01:14:14.091000,528.16,64,1609,0,100,2022-02-08 17:15:24.438000,1AE5690E,United States,United States,Full-Time,English,United States,Female,No
6201c1aa04dcbc87576f5b83,6101a1b6117210cbfabf75f5,APPROVED,2022-02-08 01:04:44.102000,2022-02-08 01:12:27.059000,462.957,25,157,0,100,2022-02-08 17:15:24.563000,1AE5690E,United States,United States,DATA EXPIRED,English,United States,Male,DATA EXPIRED
6201c1acf65ec91f4780c4bb,5b0d0beed282ff00015b9972,APPROVED,2022-02-08 01:04:44.155000,2022-02-08 01:11:40.574000,416.419,39,289,0,100,2022-02-08 17:15:24.694000,1AE5690E,DATA EXPIRED,Canada,DATA EXPIRED,English,Canada,Male,DATA EXPIRED
6201c1bc0ab51273d26bb847,608981c1be83df6a5452398e,APPROVED,2022-02-08 01:05:00.215000,2022-02-08 01:11:02.564000,362.349,,571,3,100,2022-02-08 17:15:24.805000,1AE5690E,United States,United States,DATA EXPIRED,English,United States,Female,DATA EXPIRED
6201c1caa1b6509f5dc15398,56d1af6521cd29000b973ff2,APPROVED,2022-02-08 01:05:20.943000,2022-02-08 22:16:04.424000,76243.481,65,2723,4,100,2022-02-08 22:16:04.849000,Manual Completion,United States,United States,Full-Time,English,United States,Female,No
6201c1d1efaab7ab7e445e43,5bc79ce8f653a50001ce430e,APPROVED,2022-02-08 01:16:00.014000,2022-02-08 22:15:56.647000,75596.633,33,1364,4,100,2022-02-08 22:15:57.012000,Manual Completion,United States,United States,Part-Time,English,United States,Female,Yes
6201c1e5f7eee6c19adcbd10,5ba8337446de410001ecf212,APPROVED,2022-02-08 01:05:44.250000,2022-02-08 01:13:17.147000,452.897,41,890,1,100,2022-02-08 17:15:24.924000,1AE5690E,United States,United States,Full-Time,English,United States,Male,No
6201c1ed4c3fc1eb83fdd264,614efa2878aa3275b54d0bdf,APPROVED,2022-02-08 01:05:52.994000,2022-02-08 22:16:03.563000,76210.569,64,496,4,99,2022-02-08 22:16:04.138000,Manual Completion,United States,United States,Full-Time,English,United States,Male,No
6201c2058a9a0d5c52e7e789,6158d01f302cf46b673dd597,APPROVED,2022-02-08 01:07:40.299000,2022-02-08 01:13:03.393000,323.094,37,623,0,100,2022-02-08 17:15:25.068000,1AE5690E,United States,United States,Full-Time,English,United States,Male,Yes
6201c20c8f34db76ab43ddf8,610329975d39376c37360d3c,APPROVED,2022-02-08 01:07:07.334000,2022-02-08 01:13:24.887000,377.553,27,387,3,99,2022-02-08 17:15:25.201000,1AE5690E,United States,United States,Full-Time,English,United States,Female,No
6201c21c29bc3067e80eb4b0,56797198c3041a0012b64b5e,APPROVED,2022-02-08 01:06:40.349000,2022-02-08 01:14:31.457000,471.108,69,1424,0,100,2022-02-08 17:15:25.354000,1AE5690E,United States,United States,DATA EXPIRED,English,United States,Female,No
6201c22037d7d44de7727310,559b1e92fdf99b426abb6227,APPROVED,2022-02-08 01:06:44.682000,2022-02-08 01:14:10.145000,445.463,42,2847,4,100,2022-02-08 17:15:25.490000,1AE5690E,United States,United States,Full-Time,English,United States,Male,No
6201c22889ff9498366a49cb,568715f93693190005268f30,APPROVED,2022-02-08 01:06:50.760000,2022-02-08 01:12:17.307000,326.547,38,455,3,100,2022-02-08 17:15:25.632000,NOCODE,Belgium,United Kingdom,DATA EXPIRED,English,United Kingdom,Female,DATA EXPIRED
6201c2347a43e0ddf42cdc15,5d8a64630ffb9c001746ca2c,APPROVED,2022-02-08 01:07:00.702000,2022-02-08 01:15:10.680000,489.978,62,2599,9,100,2022-02-08 17:15:25.753000,1AE5690E,United States,United States,Full-Time,English,United States,Male,No
6201c235715538de9aeb4bff,6108688a0dab4b6622af82e9,APPROVED,2022-02-08 01:07:05.789000,2022-02-08 22:16:00.498000,76134.709,57,611,5,98,2022-02-08 22:16:01.264000,Manual Completion,United States,United States,DATA EXPIRED,English,United States,Female,DATA EXPIRED
6201c237a1b6509f5dc1539e,6106bad588d258f0bdce42c9,APPROVED,2022-02-08 01:07:06.780000,2022-02-08 01:12:00.491000,293.711,22,371,1,100,2022-02-08 17:15:25.902000,1AE5690E,United States,United States,Full-Time,English,United States,Female,No
6201c23af625a697499f6673,615d0733aeb8f75406c20fbb,APPROVED,2022-02-08 01:07:10.884000,2022-02-08 01:24:45.671000,1054.787,34,800,0,100,2022-02-08 17:15:26.016000,1AE5690E,United States,United States,Full-Time,English,United States,Male,No
6201c254d23a0f84531551c7,612547f89bad5437aaecfa66,APPROVED,2022-02-08 01:07:34.461000,2022-02-08 01:14:57.151000,442.69,29,661,0,100,2022-02-08 17:15:26.116000,1AE5690E,United States,United States,Full-Time,English,United States,Male,No
6201c25d049f3e040dacfca3,5df97cf6deea2b70989b6528,APPROVED,2022-02-08 01:07:44.555000,2022-02-08 01:14:46.780000,422.225,51,1535,0,100,2022-02-08 17:15:26.265000,1AE5690E,United States,United States,Full-Time,English,United States,Female,No
6201c2e6efaab7ab7e445e4b,61036b968e883dc6b02687e4,APPROVED,2022-02-08 01:10:03.808000,2022-02-08 01:18:34.076000,510.268,26,542,10,98,2022-02-08 17:15:26.380000,1AE5690E,United States,United States,Full-Time,English,United States,Male,DATA EXPIRED
6201c2e8d0b14e6498ea70b3,5fb2041681fe9376804e1249,APPROVED,2022-02-08 01:11:42.858000,2022-02-08 01:17:52.151000,369.293,39,872,1,100,2022-02-08 17:15:26.502000,1AE5690E,United States,United States,Full-Time,English,United States,Female,No
6201c474999a1fdff087666d,6115c8cbd1923433e1832a02,APPROVED,2022-02-08 01:16:56.814000,2022-02-08 01:22:22.377000,325.563,25,444,2,100,2022-02-08 17:15:26.637000,1AE5690E,United States,United States,Full-Time,English,United States,Female,No
